price,num_bath,num_bed,num_parking,property_size,day,month,year,blacktown,mosman,parramatta,Apartment,Block of units,Duplex/semi-detached,House,Townhouse,Unit
930000.0,1.0,1.0,1.0,74.0,19.0,8.0,2026.0,0.0,1.0,0.0,1.0,0.0,0.0,0.0,0.0,0.0
1600000.0,1.0,2.0,1.0,96.0,12.0,8.0,2026.0,0.0,1.0,0.0,1.0,0.0,0.0,0.0,0.0,0.0
1025000.0,1.0,2.0,1.0,102.2,3.0,7.0,2026.0,0.0,1.0,0.0,1.0,0.0,0.0,0.0,0.0,0.0
1450000.0,1.0,2.0,1.0,101.0,17.0,6.0,2026.0,0.0,1.0,0.0,1.0,0.0,0.0,0.0,0.0,0.0
2380000.0,2.0,3.0,2.0,192.0,10.0,6.0,2026.0,0.0,1.0,0.0,0.0,0.0,0.0,0.0,1.0,0.0
3390000.0,3.0,4.0,2.0,379.0,2.0,6.0,2026.0,0.0,1.0,0.0,0.0,0.0,0.0,1.0,0.0,0.0
800000.0,1.0,1.0,0.0,40.0,29.0,5.0,2026.0,0.0,1.0,0.0,1.0,0.0,0.0,0.0,0.0,0.0
2000000.0,2.0,2.0,2.0,154.0,19.0,5.0,2026.0,0.0,1.0,0.0,1.0,0.0,0.0,0.0,0.0,0.0
3000000.0,2.0,3.0,2.0,156.0,15.0,5.0,2026.0,0.0,1.0,0.0,1.0,0.0,0.0,0.0,0.0,0.0
1265000.0,1.0,2.0,0.0,67.0,13.0,5.0,2026.0,0.0,1.0,0.0,1.0,0.0,0.0,0.0,0.0,0.0
1500000.0,1.0,1.0,1.0,37.0,16.0,4.0,2026.0,0.0,1.0,0.0,1.0,0.0,0.0,0.0,0.0,0.0
1325000.0,2.0,2.0,1.0,116.0,16.0,4.0,2026.0,0.0,1.0,0.0,1.0,0.0,0.0,0.0,0.0,0.0
5300000.0,3.0,4.0,1.0,613.0,11.0,4.0,2026.0,0.0,1.0,0.0,0.0,0.0,0.0,1.0,0.0,0.0
740000.0,1.0,1.0,0.0,58.0,9.0,4.0,2026.0,0.0,1.0,0.0,0.0,0.0,0.0,0.0,0.0,1.0
1405000.0,1.0,2.0,1.0,101.0,1.0,4.0,2026.0,0.0,1.0,0.0,1.0,0.0,0.0,0.0,0.0,0.0
23000000.0,3.0,4.0,2.0,961.1,31.0,3.0,2026.0,0.0,1.0,0.0,0.0,0.0,0.0,1.0,0.0,0.0
8500000.0,3.0,4.0,2.0,556.4,27.0,3.0,2026.0,0.0,1.0,0.0,0.0,0.0,0.0,1.0,0.0,0.0
1037000.0,1.0,2.0,1.0,105.0,19.0,3.0,2026.0,0.0,1.0,0.0,0.0,0.0,0.0,0.0,0.0,1.0
3900000.0,3.0,5.0,2.0,624.0,7.0,3.0,2026.0,0.0,1.0,0.0,0.0,0.0,0.0,1.0,0.0,0.0
7700000.0,5.0,5.0,4.0,511.0,6.0,3.0,2026.0,0.0,1.0,0.0,0.0,0.0,0.0,1.0,0.0,0.0
1100000.0,1.0,2.0,1.0,101.3,3.0,3.0,2026.0,0.0,1.0,0.0,1.0,0.0,0.0,0.0,0.0,0.0
3750000.0,2.0,3.0,1.0,296.0,27.0,2.0,2026.0,0.0,1.0,0.0,0.0,0.0,0.0,1.0,0.0,0.0
4100000.0,2.0,3.0,2.0,172.0,19.0,2.0,2026.0,0.0,1.0,0.0,1.0,0.0,0.0,0.0,0.0,0.0
3990000.0,2.0,4.0,0.0,233.0,16.0,2.0,2026.0,0.0,1.0,0.0,0.0,0.0,0.0,1.0,0.0,0.0
1950000.0,1.0,2.0,0.0,92.0,31.0,1.0,2026.0,0.0,1.0,0.0,1.0,0.0,0.0,0.0,0.0,0.0
1805000.0,2.0,2.0,2.0,150.0,23.0,1.0,2026.0,0.0,1.0,0.0,1.0,0.0,0.0,0.0,0.0,0.0
775000.0,1.0,1.0,0.0,56.0,6.0,12.0,2025.0,0.0,1.0,0.0,1.0,0.0,0.0,0.0,0.0,0.0
11550000.0,4.0,7.0,3.0,715.0,5.0,12.0,2025.0,0.0,1.0,0.0,0.0,0.0,0.0,1.0,0.0,0.0
4320000.0,2.0,4.0,1.0,321.0,5.0,12.0,2025.0,0.0,1.0,0.0,0.0,0.0,0.0,1.0,0.0,0.0
750000.0,1.0,1.0,0.0,52.0,27.0,11.0,2025.0,0.0,1.0,0.0,1.0,0.0,0.0,0.0,0.0,0.0
1500000.0,2.0,2.0,2.0,139.0,21.0,11.0,2025.0,0.0,1.0,0.0,1.0,0.0,0.0,0.0,0.0,0.0
15880000.0,4.0,5.0,2.0,788.0,19.0,11.0,2025.0,0.0,1.0,0.0,0.0,0.0,0.0,1.0,0.0,0.0
11000000.0,5.0,5.0,3.0,879.0,17.0,11.0,2025.0,0.0,1.0,0.0,0.0,0.0,0.0,1.0,0.0,0.0
10100000.0,3.0,6.0,2.0,695.6,14.0,11.0,2025.0,0.0,1.0,0.0,0.0,0.0,0.0,1.0,0.0,0.0
3775000.0,2.0,4.0,0.0,389.0,14.0,11.0,2025.0,0.0,1.0,0.0,0.0,0.0,1.0,0.0,0.0,0.0
2200000.0,2.0,2.0,1.0,229.0,6.0,11.0,2025.0,0.0,1.0,0.0,0.0,0.0,0.0,0.0,0.0,1.0
5230000.0,4.0,5.0,1.0,479.1,30.0,10.0,2025.0,0.0,1.0,0.0,0.0,0.0,0.0,1.0,0.0,0.0
2907000.0,1.0,3.0,0.0,221.0,27.0,10.0,2025.0,0.0,1.0,0.0,0.0,0.0,1.0,0.0,0.0,0.0
2070000.0,1.0,2.0,1.0,110.0,22.0,10.0,2025.0,0.0,1.0,0.0,1.0,0.0,0.0,0.0,0.0,0.0
20000000.0,5.0,5.0,2.0,920.0,9.0,10.0,2025.0,0.0,1.0,0.0,0.0,0.0,0.0,1.0,0.0,0.0
520000.0,1.0,2.0,1.0,116.0,11.0,9.0,2026.0,0.0,0.0,1.0,1.0,0.0,0.0,0.0,0.0,0.0
660000.0,2.0,2.0,1.0,122.0,9.0,9.0,2026.0,0.0,0.0,1.0,1.0,0.0,0.0,0.0,0.0,0.0
580000.0,2.0,2.0,1.0,136.0,4.0,9.0,2026.0,0.0,0.0,1.0,1.0,0.0,0.0,0.0,0.0,0.0
546000.0,1.0,2.0,1.0,123.0,1.0,9.0,2026.0,0.0,0.0,1.0,0.0,0.0,0.0,0.0,0.0,1.0
490000.0,1.0,1.0,0.0,93.0,1.0,9.0,2026.0,0.0,0.0,1.0,1.0,0.0,0.0,0.0,0.0,0.0
569000.0,1.0,2.0,1.0,104.0,31.0,8.0,2026.0,0.0,0.0,1.0,0.0,0.0,0.0,0.0,0.0,1.0
720000.0,2.0,3.0,1.0,189.0,25.0,8.0,2026.0,0.0,0.0,1.0,1.0,0.0,0.0,0.0,0.0,0.0
560000.0,1.0,1.0,1.0,76.0,25.0,8.0,2026.0,0.0,0.0,1.0,1.0,0.0,0.0,0.0,0.0,0.0
641000.0,2.0,2.0,1.0,132.0,21.0,8.0,2026.0,0.0,0.0,1.0,1.0,0.0,0.0,0.0,0.0,0.0
600000.0,1.0,1.0,1.0,72.0,21.0,8.0,2026.0,0.0,0.0,1.0,1.0,0.0,0.0,0.0,0.0,0.0
640000.0,2.0,2.0,1.0,122.0,13.0,8.0,2026.0,0.0,0.0,1.0,1.0,0.0,0.0,0.0,0.0,0.0
780000.0,1.0,2.0,1.0,251.0,12.0,8.0,2026.0,0.0,0.0,1.0,0.0,0.0,0.0,0.0,1.0,0.0
530000.0,1.0,2.0,1.0,81.0,12.0,8.0,2026.0,0.0,0.0,1.0,0.0,0.0,0.0,0.0,0.0,1.0
657000.0,2.0,2.0,1.0,145.0,11.0,8.0,2026.0,0.0,0.0,1.0,0.0,0.0,0.0,0.0,0.0,1.0
635000.0,2.0,2.0,1.0,127.0,7.0,8.0,2026.0,0.0,0.0,1.0,1.0,0.0,0.0,0.0,0.0,0.0
400000.0,1.0,1.0,1.0,81.0,7.0,8.0,2026.0,0.0,0.0,1.0,0.0,0.0,0.0,0.0,0.0,1.0
680000.0,2.0,2.0,1.0,124.0,4.0,8.0,2026.0,0.0,0.0,1.0,1.0,0.0,0.0,0.0,0.0,0.0
588000.0,1.0,2.0,1.0,150.0,4.0,8.0,2026.0,0.0,0.0,1.0,1.0,0.0,0.0,0.0,0.0,0.0
805000.0,2.0,3.0,2.0,157.0,31.0,7.0,2026.0,0.0,0.0,1.0,1.0,0.0,0.0,0.0,0.0,0.0
530000.0,1.0,1.0,1.0,79.0,31.0,7.0,2026.0,0.0,0.0,1.0,1.0,0.0,0.0,0.0,0.0,0.0
572000.0,1.0,1.0,1.0,80.0,29.0,7.0,2026.0,0.0,0.0,1.0,1.0,0.0,0.0,0.0,0.0,0.0
667000.0,1.0,2.0,2.0,122.0,27.0,7.0,2026.0,0.0,0.0,1.0,1.0,0.0,0.0,0.0,0.0,0.0
650000.0,1.0,2.0,1.0,112.0,25.0,7.0,2026.0,0.0,0.0,1.0,1.0,0.0,0.0,0.0,0.0,0.0
800000.0,2.0,3.0,2.0,149.0,23.0,7.0,2026.0,0.0,0.0,1.0,1.0,0.0,0.0,0.0,0.0,0.0
667000.0,2.0,2.0,1.0,115.0,22.0,7.0,2026.0,0.0,0.0,1.0,1.0,0.0,0.0,0.0,0.0,0.0
532000.0,1.0,2.0,2.0,136.0,22.0,7.0,2026.0,0.0,0.0,1.0,1.0,0.0,0.0,0.0,0.0,0.0
825000.0,2.0,3.0,1.0,192.0,21.0,7.0,2026.0,0.0,0.0,1.0,1.0,0.0,0.0,0.0,0.0,0.0
583000.0,1.0,2.0,2.0,111.0,21.0,7.0,2026.0,0.0,0.0,1.0,1.0,0.0,0.0,0.0,0.0,0.0
350000.0,1.0,1.0,0.0,54.0,21.0,7.0,2026.0,0.0,0.0,1.0,1.0,0.0,0.0,0.0,0.0,0.0
530000.0,1.0,2.0,1.0,97.0,17.0,7.0,2026.0,0.0,0.0,1.0,0.0,0.0,0.0,0.0,0.0,1.0
660000.0,2.0,2.0,1.0,115.0,16.0,7.0,2026.0,0.0,0.0,1.0,1.0,0.0,0.0,0.0,0.0,0.0
3425000.0,6.0,12.0,6.0,903.4,15.0,7.0,2026.0,0.0,0.0,1.0,0.0,1.0,0.0,0.0,0.0,0.0
832000.0,2.0,2.0,1.0,103.0,11.0,7.0,2026.0,0.0,0.0,1.0,1.0,0.0,0.0,0.0,0.0,0.0
720000.0,2.0,2.0,1.0,126.0,10.0,7.0,2026.0,0.0,0.0,1.0,1.0,0.0,0.0,0.0,0.0,0.0
2300000.0,1.0,3.0,1.0,739.0,27.0,6.0,2026.0,0.0,0.0,1.0,0.0,0.0,0.0,1.0,0.0,0.0
672000.0,2.0,2.0,1.0,104.0,26.0,6.0,2026.0,0.0,0.0,1.0,1.0,0.0,0.0,0.0,0.0,0.0
600000.0,2.0,2.0,1.0,116.0,26.0,6.0,2026.0,0.0,0.0,1.0,1.0,0.0,0.0,0.0,0.0,0.0
561000.0,1.0,2.0,1.0,91.0,24.0,6.0,2026.0,0.0,0.0,1.0,1.0,0.0,0.0,0.0,0.0,0.0
515000.0,1.0,1.0,1.0,70.0,23.0,6.0,2026.0,0.0,0.0,1.0,1.0,0.0,0.0,0.0,0.0,0.0
674000.0,2.0,2.0,1.0,114.0,22.0,6.0,2026.0,0.0,0.0,1.0,1.0,0.0,0.0,0.0,0.0,0.0
415000.0,1.0,2.0,1.0,103.0,10.0,9.0,2026.0,1.0,0.0,0.0,0.0,0.0,0.0,0.0,0.0,1.0
1300000.0,1.0,4.0,1.0,696.77,8.0,9.0,2026.0,1.0,0.0,0.0,0.0,0.0,0.0,1.0,0.0,0.0
415000.0,1.0,2.0,1.0,63.0,7.0,9.0,2026.0,1.0,0.0,0.0,0.0,0.0,0.0,0.0,0.0,1.0
1070000.0,1.0,4.0,2.0,638.0,3.0,9.0,2026.0,1.0,0.0,0.0,0.0,0.0,0.0,1.0,0.0,0.0
1600000.0,1.0,3.0,1.0,1182.4,1.0,9.0,2026.0,1.0,0.0,0.0,0.0,0.0,0.0,1.0,0.0,0.0
1480000.0,3.0,5.0,4.0,563.0,28.0,8.0,2026.0,1.0,0.0,0.0,0.0,0.0,0.0,1.0,0.0,0.0
1062500.0,1.0,3.0,1.0,575.4,26.0,8.0,2026.0,1.0,0.0,0.0,0.0,0.0,0.0,1.0,0.0,0.0
1150000.0,1.0,3.0,1.0,670.0,24.0,8.0,2026.0,1.0,0.0,0.0,0.0,0.0,0.0,1.0,0.0,0.0
1007500.0,2.0,3.0,4.0,651.0,24.0,8.0,2026.0,1.0,0.0,0.0,0.0,0.0,0.0,1.0,0.0,0.0
790000.0,2.0,2.0,1.0,126.0,24.0,8.0,2026.0,1.0,0.0,0.0,0.0,0.0,0.0,0.0,1.0,0.0
1900000.0,4.0,7.0,6.0,739.8,22.0,8.0,2026.0,1.0,0.0,0.0,0.0,0.0,0.0,1.0,0.0,0.0
435000.0,2.0,2.0,1.0,122.0,21.0,8.0,2026.0,1.0,0.0,0.0,0.0,0.0,0.0,0.0,0.0,1.0
1235000.0,2.0,4.0,6.0,556.0,20.0,8.0,2026.0,1.0,0.0,0.0,0.0,0.0,0.0,1.0,0.0,0.0
950000.0,1.0,3.0,1.0,562.7,18.0,8.0,2026.0,1.0,0.0,0.0,0.0,0.0,0.0,1.0,0.0,0.0
880000.0,1.0,3.0,2.0,569.1,18.0,8.0,2026.0,1.0,0.0,0.0,0.0,0.0,0.0,1.0,0.0,0.0
1030000.0,1.0,3.0,1.0,556.0,11.0,8.0,2026.0,1.0,0.0,0.0,0.0,0.0,0.0,1.0,0.0,0.0
960000.0,1.0,3.0,2.0,556.0,11.0,8.0,2026.0,1.0,0.0,0.0,0.0,0.0,0.0,1.0,0.0,0.0
1221000.0,1.0,3.0,1.0,835.0,8.0,8.0,2026.0,1.0,0.0,0.0,0.0,0.0,0.0,1.0,0.0,0.0
900000.0,1.0,3.0,1.0,562.0,8.0,8.0,2026.0,1.0,0.0,0.0,0.0,0.0,0.0,1.0,0.0,0.0
1080000.0,2.0,5.0,1.0,560.0,5.0,8.0,2026.0,1.0,0.0,0.0,0.0,0.0,0.0,1.0,0.0,0.0
920000.0,2.0,3.0,2.0,236.0,5.0,8.0,2026.0,1.0,0.0,0.0,0.0,0.0,0.0,0.0,1.0,0.0
410000.0,1.0,2.0,1.0,84.0,5.0,8.0,2026.0,1.0,0.0,0.0,0.0,0.0,0.0,0.0,0.0,1.0
1060000.0,2.0,3.0,1.0,441.5,3.0,8.0,2026.0,1.0,0.0,0.0,0.0,0.0,0.0,1.0,0.0,0.0
432000.0,1.0,2.0,1.0,61.0,3.0,8.0,2026.0,1.0,0.0,0.0,1.0,0.0,0.0,0.0,0.0,0.0
900000.0,2.0,3.0,3.0,600.7,31.0,7.0,2026.0,1.0,0.0,0.0,0.0,0.0,0.0,1.0,0.0,0.0
900000.0,1.0,3.0,2.0,600.0,30.0,7.0,2026.0,1.0,0.0,0.0,0.0,0.0,0.0,1.0,0.0,0.0
1700000.0,4.0,7.0,2.0,584.0,29.0,7.0,2026.0,1.0,0.0,0.0,0.0,0.0,0.0,1.0,0.0,0.0
820000.0,1.0,2.0,2.0,308.0,29.0,7.0,2026.0,1.0,0.0,0.0,0.0,0.0,0.0,1.0,0.0,0.0
420000.0,2.0,2.0,1.0,109.0,29.0,7.0,2026.0,1.0,0.0,0.0,0.0,0.0,0.0,0.0,0.0,1.0
1200000.0,2.0,5.0,1.0,550.0,28.0,7.0,2026.0,1.0,0.0,0.0,0.0,0.0,0.0,1.0,0.0,0.0
590000.0,2.0,2.0,1.0,103.0,28.0,7.0,2026.0,1.0,0.0,0.0,1.0,0.0,0.0,0.0,0.0,0.0
458000.0,2.0,2.0,1.0,108.0,28.0,7.0,2026.0,1.0,0.0,0.0,0.0,0.0,0.0,0.0,0.0,1.0
1200000.0,2.0,5.0,2.0,803.0,27.0,7.0,2026.0,1.0,0.0,0.0,0.0,0.0,0.0,1.0,0.0,0.0
1075000.0,2.0,4.0,2.0,588.0,25.0,7.0,2026.0,1.0,0.0,0.0,0.0,0.0,0.0,1.0,0.0,0.0
1010000.0,2.0,4.0,1.0,581.7,25.0,7.0,2026.0,1.0,0.0,0.0,0.0,0.0,0.0,1.0,0.0,0.0
1010000.0,1.0,3.0,3.0,556.0,25.0,7.0,2026.0,1.0,0.0,0.0,0.0,0.0,0.0,1.0,0.0,0.0
992500.0,2.0,4.0,1.0,600.0,25.0,7.0,2026.0,1.0,0.0,0.0,0.0,0.0,0.0,1.0,0.0,0.0
885000.0,1.0,3.0,2.0,562.0,25.0,7.0,2026.0,1.0,0.0,0.0,0.0,0.0,0.0,1.0,0.0,0.0
570000.0,2.0,2.0,1.0,101.0,22.0,7.0,2026.0,1.0,0.0,0.0,0.0,0.0,0.0,0.0,0.0,1.0
1050000.0,1.0,3.0,1.0,556.4,21.0,7.0,2026.0,1.0,0.0,0.0,0.0,0.0,0.0,1.0,0.0,0.0
